{
  "accuracy": [
    0.4660194218158722,
    0.46875,
    0.5281553268432617,
    0.40625,
    0.5009709000587463,
    0.5625,
    0.5495145916938782,
    0.625,
    0.553398072719574,
    0.59375,
    0.5495145916938782,
    0.53125,
    0.5456310510635376,
    0.48349514603614807,
    0.46875,
    0.49126213788986206,
    0.53125,
    0.522330105304718,
    0.34375,
    0.5436893105506897,
    0.5,
    0.553398072719574,
    0.46875,
    0.5475727915763855
  ],
  "loss": [
    1.1982594728469849,
    1.0567668676376343,
    1.0247677564620972,
    1.0841820240020752,
    1.0325349569320679,
    1.0004987716674805,
    1.0345256328582764,
    0.9400029182434082,
    1.00923752784729,
    0.9892189502716064,
    0.998510479927063,
    1.0220096111297607,
    0.9931104183197021,
    1.0358811616897583,
    1.0166524648666382,
    1.0397546291351318,
    1.0334532260894775,
    0.9757726192474365,
    1.1834306716918945,
    0.9830489754676819,
    1.0151946544647217,
    0.955066978931427,
    1.0237653255462646,
    0.9608981609344482
  ],
  "val_accuracy": [
    0.5705128312110901,
    0.5705128312110901,
    0.5705128312110901,
    0.5705128312110901,
    0.5705128312110901,
    0.5705128312110901,
    0.5705128312110901,
    0.5705128312110901,
    0.5705128312110901,
    0.5705128312110901,
    0.5705128312110901,
    0.5705128312110901,
    0.5705128312110901,
    0.5705128312110901,
    0.5705128312110901,
    0.5705128312110901,
    0.5705128312110901,
    0.5705128312110901,
    0.5705128312110901,
    0.5705128312110901,
    0.5705128312110901,
    0.5705128312110901,
    0.5705128312110901,
    0.5705128312110901
  ],
  "val_loss": [
    0.9635139107704163,
    0.960186779499054,
    0.9586381316184998,
    0.9601700901985168,
    0.9589207172393799,
    0.9576739072799683,
    0.9753547310829163,
    0.9735874533653259,
    0.9639065861701965,
    0.9644806981086731,
    0.9622935652732849,
    0.96187824010849,
    0.9627458453178406,
    0.9593812823295593,
    0.9594824314117432,
    0.9608206152915955,
    0.9608215689659119,
    0.9615747332572937,
    0.9616409540176392,
    0.963050365447998,
    0.9631081819534302,
    0.9636549353599548,
    0.9636416435241699,
    0.9641700983047485
  ],
  "learning_rate": [
    0.0010000000474974513,
    0.0010000000474974513,
    0.0010000000474974513,
    0.0010000000474974513,
    0.0010000000474974513,
    0.0010000000474974513,
    0.0010000000474974513,
    0.0010000000474974513,
    0.0010000000474974513,
    0.0005000000237487257,
    0.0005000000237487257,
    0.0005000000237487257,
    0.0002500000118743628,
    9.999999747378752e-06,
    9.999999747378752e-06,
    9.999999747378752e-06,
    9.999999747378752e-06,
    9.999999747378752e-06,
    4.999999873689376e-06,
    4.999999873689376e-06,
    4.999999873689376e-06,
    4.999999873689376e-06,
    2.499999936844688e-06,
    2.499999936844688e-06
  ]
}